{"place_r": -0.013129734781336388, "RELAYTOTAL": -0.006559511562609366, "DATE_R": -0.006559511562609366, "gender": -0.006559511562609366, "FINA Points": 0.007503971343891802, "style": 0.03094416424370694, "individual": 0.10728235160553101, "Age": 0.3872725879660366, "Country of Competition": 0.8988327588789868, "Swimmer Nationality": 0.9729245892743599, "Placement in Solo competition": 2.646649480186969}